{
	"class_name" : "PinholeCameraParameters",
	"extrinsic" : 
	[
		-0.028330577132576494,
		-0.27187835277476863,
		0.9619145178714239,
		0.0,
		-0.99959848638491022,
		0.0081815005637046918,
		-0.027128012561233188,
		0.0,
		-0.00049438480099946928,
		-0.96229684834826557,
		-0.27200097654726169,
		0.0,
		-0.20673954447892118,
		2.478778007411834,
		-2.6687667807922804,
		1.0
	],
	"intrinsic" : 
	{
		"height" : 949,
		"intrinsic_matrix" : 
		[
			821.85810819143228,
			0.0,
			0.0,
			0.0,
			821.85810819143228,
			0.0,
			950.5,
			474.0,
			1.0
		],
		"width" : 1902
	},
	"version_major" : 1,
	"version_minor" : 0
}