{
	"class_name" : "PinholeCameraParameters",
	"extrinsic" : 
	[
		-0.019480396437004124,
		-0.095257289744985166,
		0.99526205740252016,
		0.0,
		-0.99980769401363156,
		0.0041020747239394256,
		-0.019176756089174966,
		0.0,
		-0.0022559135182113792,
		-0.99544423336186916,
		-0.095318881239758527,
		0.0,
		-0.44695309507447467,
		0.65950444221485383,
		-1.9437844770617054,
		1.0
	],
	"intrinsic" : 
	{
		"height" : 853,
		"intrinsic_matrix" : 
		[
			821.85810819143228,
			0.0,
			0.0,
			0.0,
			821.85810819143228,
			0.0,
			858.0,
			426.0,
			1.0
		],
		"width" : 1717
	},
	"version_major" : 1,
	"version_minor" : 0
}