{
	"class_name" : "PinholeCameraParameters",
	"extrinsic" : 
	[
		-0.010986207659667846,
		-0.019278140110816026,
		0.99975379796984343,
		0.0,
		-0.9998794292169193,
		0.011184488837832371,
		-0.010771918969442601,
		0.0,
		-0.010974072630818961,
		-0.99975159941022562,
		-0.019398690847306183,
		0.0,
		0.78749996218516738,
		1.490952439070943,
		5.6167789871893659,
		1.0
	],
	"intrinsic" : 
	{
		"height" : 767,
		"intrinsic_matrix" : 
		[
			1481.5394309671292,
			0.0,
			0.0,
			0.0,
			1481.5394309671292,
			0.0,
			867.5,
			383.0,
			1.0
		],
		"width" : 1736
	},
	"version_major" : 1,
	"version_minor" : 0
}