{
	"class_name" : "PinholeCameraParameters",
	"extrinsic" : 
	[
		-0.0080713279367029597,
		-0.010161763707070568,
		0.99991579256640406,
		0.0,
		-0.99996419433716954,
		0.0026243554050884147,
		-0.0080450483108177907,
		0.0,
		-0.0025423825349084107,
		-0.99994492414185965,
		-0.010182581891482436,
		0.0,
		0.069452106242474484,
		-0.09360279419205636,
		-0.33046553247005461,
		1.0
	],
	"intrinsic" : 
	{
		"height" : 370,
		"intrinsic_matrix" : 
		[
			707.0492999999999,
			0.0,
			0.0,
			0.0,
			707.0492999999999,
			0.0,
			611.5,
			184.5,
			1.0
		],
		"width" : 1224
	},
	"version_major" : 1,
	"version_minor" : 0
}