{
	"class_name" : "PinholeCameraParameters",
	"extrinsic" : 
	[
		0.99821691898931797,
		0.019462383940042825,
		-0.056428700630475982,
		0.0,
		0.054885743400305963,
		0.072331110348861624,
		0.99586935169584212,
		0.0,
		0.023463542248971847,
		-0.99719076714892996,
		0.071133930708625587,
		0.0,
		-36.669554348910189,
		6.7413071106766775,
		51.930549532144049,
		1.0
	],
	"intrinsic" : 
	{
		"height" : 374,
		"intrinsic_matrix" : 
		[
			714.69307621621613,
			0.0,
			0.0,
			0.0,
			714.69307621621613,
			0.0,
			611.5,
			186.5,
			1.0
		],
		"width" : 1224
	},
	"version_major" : 1,
	"version_minor" : 0
}