{
	"class_name" : "PinholeCameraParameters",
	"extrinsic" : 
	[
		0.035604888668671481,
		-0.05292811603724263,
		0.99796337930589407,
		0.0,
		-0.99935811420904697,
		-0.0058388282626120535,
		0.035344980535532977,
		0.0,
		0.0039561935530243158,
		-0.9985812548897901,
		-0.053102033061862203,
		0.0,
		1.7729395823394605,
		2.8772017311287592,
		-2.7848511524125246,
		1.0
	],
	"intrinsic" : 
	{
		"height" : 587,
		"intrinsic_matrix" : 
		[
			508.35691202146552,
			0.0,
			0.0,
			0.0,
			508.35691202146552,
			0.0,
			787.0,
			293.0,
			1.0
		],
		"width" : 1575
	},
	"version_major" : 1,
	"version_minor" : 0
}