{
	"class_name" : "PinholeCameraParameters",
	"extrinsic" : 
	[
		0.32579621546952603,
		-0.20933581073652677,
		0.92197361368371888,
		0.0,
		-0.94533692004561176,
		-0.086529759816606239,
		0.31440532480344108,
		0.0,
		0.013961861781691344,
		-0.97400776126751754,
		-0.22608393885065672,
		0.0,
		-8.1452798174175367,
		3.7108522315023027,
		5.1917424742989633,
		1.0
	],
	"intrinsic" : 
	{
		"height" : 1052,
		"intrinsic_matrix" : 
		[
			923.4300564866677,
			0.0,
			0.0,
			0.0,
			923.4300564866677,
			0.0,
			959.5,
			525.5,
			1.0
		],
		"width" : 1920
	},
	"version_major" : 1,
	"version_minor" : 0
}