{
	"class_name" : "PinholeCameraParameters",
	"extrinsic" : 
	[
		0.98619722039821722,
		-0.0098798885829090768,
		0.16527985443005302,
		0.0,
		-0.15598317453449884,
		-0.39025557268838068,
		0.90739728743687809,
		0.0,
		0.055536400144142246,
		-0.92065355904773072,
		-0.3864100574154048,
		0.0,
		-15.476563904170268,
		1.9786226144288399,
		10.228899774420077,
		1.0
	],
	"intrinsic" : 
	{
		"height" : 1052,
		"intrinsic_matrix" : 
		[
			1128.0106401880275,
			0.0,
			0.0,
			0.0,
			1128.0106401880275,
			0.0,
			959.5,
			525.5,
			1.0
		],
		"width" : 1920
	},
	"version_major" : 1,
	"version_minor" : 0
}