{
	"class_name" : "PinholeCameraParameters",
	"extrinsic" : 
	[
		0.24623507949403792,
		-0.057601671958942773,
		0.96749694212131709,
		0.0,
		-0.96883403536933721,
		-0.042434996337411025,
		0.24404893565801516,
		0.0,
		0.026998102461672335,
		-0.9974373757150764,
		-0.066255444984474929,
		0.0,
		-5.3622397654915668,
		1.1111647785818746,
		3.4407728421599444,
		1.0
	],
	"intrinsic" : 
	{
		"height" : 1052,
		"intrinsic_matrix" : 
		[
			911.05872478122956,
			0.0,
			0.0,
			0.0,
			911.05872478122956,
			0.0,
			959.5,
			525.5,
			1.0
		],
		"width" : 1920
	},
	"version_major" : 1,
	"version_minor" : 0
}