{
	"class_name" : "PinholeCameraParameters",
	"extrinsic" : 
	[
		0.22755616752873001,
		-0.23665409784375976,
		0.94457028779937435,
		0.0,
		-0.97374933541460962,
		-0.049807657269778295,
		0.22210679651217888,
		0.0,
		-0.005515650391630135,
		-0.9703164613934222,
		-0.24177581010040031,
		0.0,
		-4.4248901711499755,
		4.686709162515875,
		11.788699109743108,
		1.0
	],
	"intrinsic" : 
	{
		"height" : 1052,
		"intrinsic_matrix" : 
		[
			1128.010640188028,
			0.0,
			0.0,
			0.0,
			1128.010640188028,
			0.0,
			959.5,
			525.5,
			1.0
		],
		"width" : 1920
	},
	"version_major" : 1,
	"version_minor" : 0
}