{
	"class_name" : "PinholeCameraParameters",
	"extrinsic" : 
	[
		0.32302511446550214,
		-0.15922159365847827,
		0.93290045532061128,
		0.0,
		-0.94627742113843305,
		-0.069570136633142404,
		0.31578321413976784,
		0.0,
		0.014622505535845338,
		-0.98478854593344078,
		-0.17314070038599771,
		0.0,
		-7.8808682843717106,
		4.9315559659436428,
		12.174397186778805,
		1.0
	],
	"intrinsic" : 
	{
		"height" : 780,
		"intrinsic_matrix" : 
		[
			836.35769899872798,
			0.0,
			0.0,
			0.0,
			836.35769899872798,
			0.0,
			719.5,
			389.5,
			1.0
		],
		"width" : 1440
	},
	"version_major" : 1,
	"version_minor" : 0
}