{
	"class_name" : "PinholeCameraParameters",
	"extrinsic" : 
	[
		-0.049186879864336383,
		-0.17839905277756171,
		0.98272805435546617,
		0.0,
		-0.99878703541507796,
		0.0065589050546949737,
		-0.048799986180770846,
		0.0,
		0.0022602513071049968,
		-0.9839363590865785,
		-0.17850527311952574,
		0.0,
		0.17882504589816181,
		2.2779178681010772,
		-1.4126014860236511,
		1.0
	],
	"intrinsic" : 
	{
		"height" : 853,
		"intrinsic_matrix" : 
		[
			738.71966942812617,
			0.0,
			0.0,
			0.0,
			738.71966942812617,
			0.0,
			858.0,
			426.0,
			1.0
		],
		"width" : 1717
	},
	"version_major" : 1,
	"version_minor" : 0
}