{
	"class_name" : "PinholeCameraParameters",
	"extrinsic" : 
	[
		0.99657302534078696,
		0.016712074894043052,
		0.081011799855621527,
		0.0,
		-0.082687904669193471,
		0.17502230985132491,
		0.98108608260219721,
		0.0,
		0.0022171117540071197,
		-0.9844226214421542,
		0.17580439928633051,
		0.0,
		-29.84562919660258,
		3.4249843196859353,
		18.296597222742637,
		1.0
	],
	"intrinsic" : 
	{
		"height" : 853,
		"intrinsic_matrix" : 
		[
			469.87913163104571,
			0.0,
			0.0,
			0.0,
			469.87913163104571,
			0.0,
			858.0,
			426.0,
			1.0
		],
		"width" : 1717
	},
	"version_major" : 1,
	"version_minor" : 0
}