{
	"class_name" : "PinholeCameraParameters",
	"extrinsic" : 
	[
		0.55002748826566084,
		0.047223797873611445,
		0.83381033518814152,
		0.0,
		-0.83500064172162081,
		0.012434029555735587,
		0.55010846497167154,
		0.0,
		0.015610588606777732,
		-0.99880694221826438,
		0.046270959574559907,
		0.0,
		-10.45002778215216,
		4.8147116544848636,
		15.066944941995278,
		1.0
	],
	"intrinsic" : 
	{
		"height" : 1052,
		"intrinsic_matrix" : 
		[
			911.05872478122956,
			0.0,
			0.0,
			0.0,
			911.05872478122956,
			0.0,
			959.5,
			525.5,
			1.0
		],
		"width" : 1920
	},
	"version_major" : 1,
	"version_minor" : 0
}