{
	"class_name" : "PinholeCameraParameters",
	"extrinsic" : 
	[
		0.40338492265207981,
		-0.069772618494963926,
		0.91236636604235466,
		0.0,
		-0.91471458488500423,
		-0.0045543287101670743,
		0.40407485233388912,
		0.0,
		-0.024038144180243831,
		-0.99755252483182866,
		-0.065659179297443582,
		0.0,
		-0.27475307762646212,
		-0.94356879535057758,
		12.755890229704551,
		1.0
	],
	"intrinsic" : 
	{
		"height" : 1052,
		"intrinsic_matrix" : 
		[
			1568.8053639035982,
			0.0,
			0.0,
			0.0,
			1568.8053639035982,
			0.0,
			959.5,
			525.5,
			1.0
		],
		"width" : 1920
	},
	"version_major" : 1,
	"version_minor" : 0
}