{
	"class_name" : "PinholeCameraParameters",
	"extrinsic" : 
	[
		0.42599910815603159,
		0.010901437299036863,
		0.90465790137216018,
		0.0,
		-0.90461260084920947,
		0.020794058051981826,
		0.42572720083941051,
		0.0,
		-0.01417047053187144,
		-0.99972434491440987,
		0.018719827733165325,
		0.0,
		-1.4475077895854296,
		0.085967835397554287,
		15.825665577166383,
		1.0
	],
	"intrinsic" : 
	{
		"height" : 610,
		"intrinsic_matrix" : 
		[
			967.33641472077989,
			0.0,
			0.0,
			0.0,
			967.33641472077989,
			0.0,
			799.5,
			304.5,
			1.0
		],
		"width" : 1600
	},
	"version_major" : 1,
	"version_minor" : 0
}