{
	"class_name" : "PinholeCameraParameters",
	"extrinsic" : 
	[
		-0.059070034213857939,
		0.016883765904868904,
		0.99811105068867134,
		0.0,
		-0.99820943047691868,
		-0.010430300802291436,
		-0.058899420473545142,
		0.0,
		0.0094161544655662188,
		-0.99980305424320615,
		0.017469652573456992,
		0.0,
		1.2226810770454482,
		3.6326520249803198,
		15.99915439073972,
		1.0
	],
	"intrinsic" : 
	{
		"height" : 450,
		"intrinsic_matrix" : 
		[
			803.11814763895734,
			0.0,
			0.0,
			0.0,
			803.11814763895734,
			0.0,
			399.5,
			224.5,
			1.0
		],
		"width" : 800
	},
	"version_major" : 1,
	"version_minor" : 0
}