{
	"class_name" : "PinholeCameraParameters",
	"extrinsic" : 
	[
		-0.010948805142173779,
		-0.044803376204303524,
		0.99893582433840789,
		0.0,
		-0.99993650657823285,
		0.0031538513159792897,
		-0.010818319370241924,
		0.0,
		-0.0026657978315252915,
		-0.99899084615554534,
		-0.044835062388147627,
		0.0,
		0.088569279817688348,
		3.4713015771986768,
		9.1439952467493395,
		1.0
	],
	"intrinsic" : 
	{
		"height" : 610,
		"intrinsic_matrix" : 
		[
			967.33641472077989,
			0.0,
			0.0,
			0.0,
			967.33641472077989,
			0.0,
			799.5,
			304.5,
			1.0
		],
		"width" : 1600
	},
	"version_major" : 1,
	"version_minor" : 0
}