{
	"class_name" : "PinholeCameraParameters",
	"extrinsic" : 
	[
		0.99994088796145209,
		-0.010388539969960704,
		-0.0032091774889137746,
		0.0,
		0.0031020449233052799,
		-0.010312310516451812,
		0.99994201510342906,
		0.0,
		-0.010421031626313105,
		-0.99989286150522405,
		-0.010279475217080673,
		0.0,
		-48.643356594901519,
		2.9840170462023918,
		68.47234443304265,
		1.0
	],
	"intrinsic" : 
	{
		"height" : 610,
		"intrinsic_matrix" : 
		[
			967.33641472077989,
			0.0,
			0.0,
			0.0,
			967.33641472077989,
			0.0,
			799.5,
			304.5,
			1.0
		],
		"width" : 1600
	},
	"version_major" : 1,
	"version_minor" : 0
}