{
	"class_name" : "PinholeCameraParameters",
	"extrinsic" : 
	[
		0.0071008288718936996,
		-0.016303236072828114,
		0.99984187886029552,
		0.0,
		-0.99997441630018491,
		-0.00097879541935972942,
		0.0070858100899977398,
		0.0,
		0.00086311901644802195,
		-0.99986661433067203,
		-0.01630976923450388,
		0.0,
		-0.15803528877345249,
		1.1036835356024817,
		8.7100768118313088,
		1.0
	],
	"intrinsic" : 
	{
		"height" : 610,
		"intrinsic_matrix" : 
		[
			967.33641472077989,
			0.0,
			0.0,
			0.0,
			967.33641472077989,
			0.0,
			799.5,
			304.5,
			1.0
		],
		"width" : 1600
	},
	"version_major" : 1,
	"version_minor" : 0
}