{
	"class_name" : "PinholeCameraParameters",
	"extrinsic" : 
	[
		-0.02894785747276429,
		-0.0088690269606847734,
		0.99954157587791581,
		0.0,
		-0.99958035439262871,
		0.0013233944192777465,
		-0.028937237938646408,
		0.0,
		-0.0010661425999073126,
		-0.99995979368571708,
		-0.0089036145455085661,
		0.0,
		0.26237393549277466,
		2.0841511299091779,
		6.0237533344734215,
		1.0
	],
	"intrinsic" : 
	{
		"height" : 350,
		"intrinsic_matrix" : 
		[
			555.02909041356224,
			0.0,
			0.0,
			0.0,
			555.02909041356224,
			0.0,
			399.5,
			174.5,
			1.0
		],
		"width" : 800
	},
	"version_major" : 1,
	"version_minor" : 0
}