{
	"class_name" : "PinholeCameraParameters",
	"extrinsic" : 
	[
		-0.038763423458904066,
		0.014096751009627593,
		0.99914897718644458,
		0.0,
		-0.99923998382222912,
		-0.0046546097338524741,
		-0.038701283430617739,
		0.0,
		0.0041050861985063242,
		-0.99988980203780364,
		0.014266465858955527,
		0.0,
		0.34292362760297973,
		2.1371289183322566,
		11.193100346052629,
		1.0
	],
	"intrinsic" : 
	{
		"height" : 320,
		"intrinsic_matrix" : 
		[
			658.15259878956692,
			0.0,
			0.0,
			0.0,
			658.15259878956692,
			0.0,
			319.5,
			159.5,
			1.0
		],
		"width" : 640
	},
	"version_major" : 1,
	"version_minor" : 0
}