{
	"class_name" : "PinholeCameraParameters",
	"extrinsic" : 
	[
		0.6968114603554576,
		0.030469469954508048,
		0.71660686580438659,
		0.0,
		-0.71724032326746012,
		0.023354311993836099,
		0.69643441528293548,
		0.0,
		0.0044841271708281026,
		-0.99926282204032091,
		0.038127484725981424,
		0.0,
		-17.140701676661017,
		1.0561280414606093,
		7.8836106104565848,
		1.0
	],
	"intrinsic" : 
	{
		"height" : 610,
		"intrinsic_matrix" : 
		[
			967.33641472077989,
			0.0,
			0.0,
			0.0,
			967.33641472077989,
			0.0,
			799.5,
			304.5,
			1.0
		],
		"width" : 1600
	},
	"version_major" : 1,
	"version_minor" : 0
}