{
	"class_name" : "PinholeCameraParameters",
	"extrinsic" : 
	[
		0.53397963836564388,
		0.050445112307784666,
		0.84399113529417558,
		0.0,
		-0.84510286564963122,
		0.0013552285089400604,
		0.53460201068315294,
		0.0,
		0.025824257621035792,
		-0.99872591535412936,
		0.043354973398432931,
		0.0,
		-12.729762365746556,
		0.99701517362733594,
		5.5491369092030132,
		1.0
	],
	"intrinsic" : 
	{
		"height" : 350,
		"intrinsic_matrix" : 
		[
			480.80854840455891,
			0.0,
			0.0,
			0.0,
			480.80854840455891,
			0.0,
			399.5,
			174.5,
			1.0
		],
		"width" : 800
	},
	"version_major" : 1,
	"version_minor" : 0
}